Solute,T/ K,Measured,Method,Ref.,,,,,
Pentane,293.15,945,GC,47,,,,,
Pentane,303.15,796,GC,47,,,,,
Pentane,313.15,517,GC,47,,,,,
Hexane,293.15,2940,GC,47,,,,,
Hexane,298.15,40000,--,10,,,,,
Hexane,303.15,2225,GC,47,,,,,
Hexane,313.15,1465,GC,47,,,,,
Hexane,333.15,18500,--,10,,,,,
Hexane,373.15,9500,--,10,,,,,
Heptane,293.15,8050,GC,47,,,,,
Heptane,303.15,6160,GC,47,,,,,
Heptane,313.15,3925,GC,47,,,,,
Cyclohexane,313.15,1 0 2 6 . 5 + 3 0,GS,14,,,,,
Cyclohexene,296.15,20400,GS,44,,,,,
Benzene,293.15,2500,GCR,63,,,,,
Benzene,293.15,2505,GCR,8,,,,,
Benzene,293.15,2510,GCR,27,,,,,
Benzene,296.15,2350,GS,44,,,,,
Benzene,296.15,2360--.52,GS,14,,,,,
Benzene,298.15,2495,GS,38,,,,,
Benzene,298.15,2289,GCR,42,,,,,
Benzene,298.15,2400,- -,10,,,,,
Benzene,298.15,2320,HS,9,,,,,
Benzene,298.15,2200,GS,12,,,,,
Benzene,298.15,1700,GS,12,,,,,
Benzene,298.15,2475,EXT,67,,,,,
Benzene,298.15,2420,KGW,2,,,,,
Benzene,298.15,2530,KHW,37,,,,,
Benzene,303.15,2402 ¢,HS,23,,,,,
Benzene,303.15,2422,EXT,67,,,,,
Benzene,303.15,2570,GCR,8,,,,,
Benzene,313.15,2535,GCR,8,,,,,
Benzene,313.15,1635-+49,GS,14,,,,,
Benzene,323.15,2465,GCR,8,,,,,
Benzene,333.15,1800,--,10,,,,,
Benzene,.373.15,1080,--,10,,,,,
Toluene,293.15,4500,GCR,63,,,,,
Toluene,"296,15",10400,GS,44,,,,,
Toluene,298.15,9186,GS,38,,,,,
Toluene,298.15,9490,KGW,2,,,,,
Toluene,298.15,9170,KHW,37,,,,,
Toluene,313.15,3249+-38,GS,14,,,,,
Ethylbenzene,298.15,32670,GS,38,,,,,
Ethylbenzene,298.15,3.55 × 104,KGW,2,,,,,
Ethylbenzene,298.15,3.34 x 104,KI-IW,37,,,,,
Propylbenzene,298.15,135800,GS,38,,,,,
Propylbenzene,298.15,1.27 × 105,KGW,2,,,,,
Propylbenzene,298.15,1.33 × 105,KHW,37,,,,,
Butylbenzene,298.15,566260,GS,38,,,,,
Butylbenzene,298.15,5.02 s 105,KGW,2,,,,,
Butylbenzene,298.15,5.33 >~ 10 ~,KHW,37,,,,,
o-Xylene,298.15,30540,GS,38,,,,,
o-Xylene,298.15,3.33 × 104,KGW,2,,,,,
o-Xylene,298.15,3.25 × 104,KHW,37,,,,,
o-Xylene,313.15,5859+84,GS,14,,,,,
m-Xylene,298.15,33214,GS,38,,,,,
m-Xylene,298.15,3.74 × 104,KGW,2,,,,,
m-Xylene,298.15,"3, 90 × 10 ~",KIIW,37,,,,,
p-Xylene,298.15,33257,GS,38,,,,,
p-Xylene,298.15,3.41 × 104,KGW,2,,,,,
p-Xylene,298.15,3.79 × 104,KHW,37,,,,,
p-Xylene,313.15,5634 -+68,GS,14,,,,,
Cumene,298.15,101540,GS,38,,,,,
Cumene,298.15,1.02 x l0 s,KGW,2,,,,,
Cumene,298.15,9. 91 × 104,KHW,37,,,,,
Mesitylene,298.15,118810,GS,38,,,,,
Mesitylene,298.15,1.30 × l0 s,KGW,2,,,,,
Mesitylene,298.15,1.28 x 10~,KHW,37,,,,,
Bromoform,293.15,3530-+260,STAT,41,,,,,
Bromoform,293.15,4340+510,RGC,66,,,,,
Bromoform,298.15,3380 b,STAT,41,,,,,
Bromoform,298.15,9220,GCR,28,,,,,
Bromoform,303.15,4068+480,RGC,66,,,,,
Bromoform,308.15,3080+425,STAT,41,,,,,
Bromoform,308.15,5820,GCR,28,,,,,
Bromoform,313.15,3800-+440,RGC,66,,,,,
Bromoform,323.15,4050+-220,STAT,41,,,,,
Bromoform,323.15,3330,GCR,28,,,,,
Chlorodibromomethaue a,293.15,1990-+ 250,RGC,66,,,,,
Chlorodibromomethaue a,303.15,1928+-240,RGC,66,,,,,
Chlorodibromomethaue a,313.15,1896-+240,RGC,66,,,,,
Bmmodichloromethane a,293.15,1025-+ 130,RGC,66,,,,,
Bmmodichloromethane a,303.15,1050-+ 130,RGC,66,,,,,
Bmmodichloromethane a,313.15,1070-+ i30,RGC,66,,,,,
Dibromomethane,293.15,869-+45,STAT,41,,,,,
Dibromomethane,293.15,846-+85,RGC,66,,,,,
Dibromomethane,298.15,850 b,STAT,41,,,,,
Dibromomethane,303.15,803-+81,RGC,66,,,,,
Dibromomethane,308.15,787 -+ 87,RGC,66,,,,,
Dibromomethane,308.15,801 _+ 35,STAT,41,,,,,
Dibromomethane,313.15,768-+76,RGC,66,,,,,
Dibromomethane,323.I5,740-+32,STAT,41,,,,,
Carbon Tetrachloride,285.65,7100,GC,26,,,,,
Carbon Tetrachloride,293.15,2870,GC,47,,,,,
Carbon Tetrachloride,293.15,6300,GCR,63,,,,,
Carbon Tetrachloride,293.15,4500,GCR,63,,,,,
Carbon Tetrachloride,293.15,12200-+250,STAT,41,,,,,
Carbon Tetrachloride,293.15,9190-+930,RGC,66,,,,,
Carbon Tetrachloride,298.15,15400,KHW,37,,,,,
Carbon Tetrachloride,298.15,1.03 × 104,KGW,2,,,,,
Carbon Tetrachloride,298.15,3.45/-- 103,HS,9,,,,,
Carbon Tetrachloride,303.15,13100-+ 100,STAT,41,,,,,
Carbon Tetrachloride,303.15,9779-+ 1000,RGC,66,,,,,
Carbon Tetrachloride,303.15,2150,GC,47,,,,,
Carbon Tetrachloride,308.15,8999± i000,R(;C,66,,,,,
Carbon Tetrachloride,"313,15",8706± 860,"R(;(""",66,,,,,
Carbon Tetrachloride,313.15,1399. 4-+45,GS,14,,,,,
Carbon Tetrachloride,313.15,1490,GC,47,,,,,
Carbon Tetrachloride,313.15,13100+300,STAT,41,,,,,
Chloroform,293.15,571,GC,47,,,,,
Chloroform,293.15,821,GCR,4,,,,,
Chloroform,293.15,1000,GCR,63,,,,,
Chloroform,293.15,818-+20,STAT,41,,,,,
Chloroform,298.15,903,GS,38,,,,,
Chloroform,298.15,857,KGW,2,,,,,
Chloroform,298.15,623,HS,9,,,,,
Chloroform,303.15,835b±21,STAT,66,,,,,
Chloroform,303.15,568,GC,47,,,,,
Chloroform,308.15,847 -+ 30,STAT,41,,,,,
Chloroform,308.15,892,GCR,4,,,,,
Chloroform,313.15,742± 21,GS,14,,,,,
Chloroform,313.15,425,GC,47,,,,,
Chloroform,323.15,862 -+ 27,STAT,41,,,,,
Chloroform,323.15,910,GCR,4,,,,,
Dichloromethane,283.15,235 + 5,STAT,41,,,,,
Dichloromethane,293.15,370,GCR,63,,,,,
Dichloromethane,293.15,209,GC,47,,,,,
Dichloromethane,293.15,251 _+ 14,STAT,41,,,,,
Dichloromethane,293.15,245 -+ 25,RGC,66,,,,,
Dichloromethane,298.15,253,GS,38,,,,,
Dichloromethane,298.15,259,KGW,2,,,,,
Dichloromethane,298.15,185,HS,9,,,,,
Dichloromethane,303.15,250+8,STAT,41,,,,,
Dichloromethane,303.15,238 _+ 24,RGC,66,,,,,
Dichloromethane,303.15,201,GC,47,,,,,
Dichloromethane,308.15,242-+27,RGC,66,,,,,
Dichloromethane,313.15,242--_24,RGC,66,,,,,
Dichloromethane,313.15,226-+7,GS,14,,,,,
Dichloromethane,313.15,153,GC,47,,,,,
Methyl iodide,293.15,870,GCR,63,,,,,
"1,1,2,2-Tetrabromoethane",298.15,6 . 2 5 × 105,GCR,28,,,,,
"1,1,2,2-Tetrabromoethane",308.15,3.37 × 105,GCR,28,,,,,
"1,1,2,2-Tetrabromoethane",323.15,1 . 3 0 × 105,GCR,28,,,,,
Tetrachloroethene,298.15,35970,GS,38,,,,,
Tetrachloroethene,298.15,6.55 x I04,KGW,2,,,,,
"1,1,1,2-Tetrachloroethane",293.15,9280 4- 730,STAT,41,,,,,
"1,1,1,2-Tetrachloroethane",293.15,7730-+760,RGC,66,,,,,
"1,1,1,2-Tetrachloroethane",298.15,8910 b,STAT,41,,,,,
"1,1,1,2-Tetrachloroethane",303.15,7282-+720,RGC,66,,,,,
"1,1,1,2-Tetrachloroethane",303.15,8530-+635,STAT,41,,,,,
"1,1,1,2-Tetrachloroethane",308.15,7216+-790,RGC,66,,,,,
"1,1,1,2-Tetrachloroethane",313.15,7057-+690,RGC,66,,,,,
"1,1,1,2-Tetrachloroethane",313.15,8830-+ 645,STAT,41,,,,,
"1,1,1,2-Tetrachloroethane",293.15,3850-+660,STAT,41,,,,,
"1,1,1,2-Tetrachloroethane",293.15,3758-+480,RGC,66,,,,,
"1,1,1,2-Tetrachloroethane",293.15,396t0,GCR,4,,,,,
"1,1,1,2-Tetrachloroethane",298.15,3460 I,KHW,37,,,,,
"1,1,1,2-Tetrachloroethane",298.15,3790,KGW,2,,,,,
"1,1,1,2-Tetrachloroethane",298.15,3360,HS,9,,,,,
"1,1,1,2-Tetrachloroethane",303.15,3726 ± 410,RGC,66,,,,,
"1,1,1,2-Tetrachloroethane",303.15,2970-+625,STAT,41,,,,,
"1,1,1,2-Tetrachloroethane",308.15,3197-+440,RGC,66,,,,,
"1,1,1,2-Tetrachloroethane",308.15,3460,GCR,4,,,,,
"1,1,1,2-Tetrachloroethane",313.15,3100-+390,RGC,66,,,,,
"1,1,1,2-Tetrachloroethane",313.15,3570-+245,STAT,41,,,,,
"1,1,2,2-Tetrachlo",323.15,3010,GCR,4,,,,,
Trichloroethene,293.15,54 I0 + 160,STAT,41,,,,,
Trichloroethene,293.15,4922 + 500,RGC,66,,,,,
Trichloroethene,293.15,5450,GCR,8,,,,,
Trichloroethene,296.15,4880,GS,44,,,,,
Trichloroethene,298.15,8750,GS,38,,,,,
Trichloroethene,298.15,1.04 × 104,KGW,2,,,,,
Trichloroethene,303.15,5034 + 520,RGC,66,,,,,
Trichloroethene,303.15,5 1 8 0 -+ 195,STAT,41,,,,,
Trichloroethene,303.15,6061,GCR,8,,,,,
Trichloroethene,313.15,4973-+510,RGC,66,,,,,
Trichloroethene,313.15,5580-+290,STAT,41,,,,,
Trichloroethene,313.15,5943,GCR,8,,,,,
Trichloroethene,323.15,5893,GCR,8,,,,,
"1,1, l-Trichloroethane",293.15,5880+75,STAT,41,,,,,
"1,1, l-Trichloroethane",293.15,5245+-690,RGC,66,,,,,
"1,1, l-Trichloroethane",293.15,5660,GCR,4,,,,,
"1,1, l-Trichloroethane",298.15,5903,GS,38,,,,,
"1,1, l-Trichloroethane",298.15,6030,KGW,2,,,,,
"1,1, l-Trichloroethane",303.15,5480-+60,STAT,41,,,,,
"1,1, l-Trichloroethane",303.15,5324-+ 700,RGC,66,,,,,
"1,1, l-Trichloroethane",308.15,5097 ± 700,RGC,66,,,,,
"1,1, l-Trichloroethane",308.15,6210,GCR,4,,,,,
"1,1, l-Trichloroethane",313.15,4986-+650,RGC,66,,,,,
"1,1, l-Trichloroethane",313.15,5410-+80,STAT,41,,,,,
"1,1, l-Trichloroethane",323.15,5850,GCR,4,,,,,
"1,1,2-Trichloroethane",293.15,1500,GCR,4,,,,,
"1,1,2-Trichloroethane",293.15,1520 +- 10,STAT,41,,,,,
"1,1,2-Trichloroethane",293.15,1540-+ 150,RGC,66,,,,,
"1,1,2-Trichloroethane",303.15,1472 ± 140,RGC,66,,,,,
"1,1,2-Trichloroethane",308.15,1410-+ 125,STAT,41,,,,,
"1,1,2-Trichloroethane",308.15,1520,GCR,4,,,,,
"1,1,2-Trichloroethane",313.15,1424-+ 140,RGC,66,,,,,
"1,1,2-Trichloroethane",323.15,1220-+20,STAT,41,,,,,
"1,1,2-Trichloroethane",323.15,1430,GCR,4,,,,,
l-Diehloroethene,293.15,1894 -+ 270,"RG(""",66,,,,,
l-Diehloroethene,303.15,1930-= 270,RGC,66,,,,,
l-Diehloroethene,313.15,1936±270,RGC,66,,,,,
"Cis 1,2-Dichloroethene",293.15,856 + 44,STAT,41,,,,,
"Cis 1,2-Dichloroethene",293.15,819± 118,RGC,66,,,,,
"Cis 1,2-Dichloroethene",298.15,870 b,STAT,41,,,,,
"Cis 1,2-Dichloroethene",303.15,803 + 116,RGC,66,,,,,
"Cis 1,2-Dichloroethene",303.15,884 + 43,STAT,41,,,,,
"Cis 1,2-Dichloroethene",313.15,807+116,RGC,66,,,,,
"Cis 1,2-Dichloroethene",313.15,866 -+ 65,STAT,41,,,,,
"Trans 1,2-Dichloroethene",293.15,1200+60,STAT,41,,,,,
"Trans 1,2-Dichloroethene",293.15,1202± 130,RGC,66,,,,,
"Trans 1,2-Dichloroethene",293.15,1216,GCR,8,,,,,
"Trans 1,2-Dichloroethene",293.15,1220,GCR,27,,,,,
"Trans 1,2-Dichloroethene",298.15,1260 b,STAT,41,,,,,
"Trans 1,2-Dichloroethene",303.15,1202± 130,RGC,66,,,,,
"Trans 1,2-Dichloroethene",303.15,1310+65,STAT,41,,,,,
"Trans 1,2-Dichloroethene",303.15,1435,GCR,8,,,,,
"Trans 1,2-Dichloroethene",313.15,1243 + 130,RGC,66,,,,,
"Trans 1,2-Dichloroethene",313.15,1370 4:75,STAT,41,,,,,
"Trans 1,2-Dichloroethene",313.15,1477,GCR,8,,,,,
"Trans 1,2-Dichloroethene",323.15,1509,GCR,8,,,,,
"1,2-Dibromoethane",298.15,234 O,GCR,28,,,,,
"1,2-Dibromoethane",308.15,2990,GCR,28,,,,,
"1,2-Dibromoethane",323.15,1740,GCR,28,,,,,
"1,1-Dichloroethane",293.15,1080,GCR,4,,,,,
"1,1-Dichloroethane",293.15,1100±15,STAT,41,,,,,
"1,1-Dichloroethane",293.15,1046±110,RGC,66,,,,,
"1,1-Dichloroethane",303.15,1034±100,RGC,66,,,,,
"1,1-Dichloroethane",308.15,1120,GCR,4,,,,,
"1,1-Dichloroethane",308.15,1240± 20,STAT,41,,,,,
"1,1-Dichloroethane",313.15,1017 ± 100,RGC,66,,,,,
"1,1-Dichloroethane",318.15,1050± 25,STA],41,,,,,
"1,1-Dichloroethane",323.15,1080,GCR,4,,,,,
"1,2-Dichloroethane",293.15,585 ± 6,STAT,41,,,,,
"1,2-Dichloroethane",293.15,626,GCR,4,,,,,
"1,2-Dichloroethane",293.15,660,GCR,63,,,,,
"1,2-Dichloroethane",293.15,647± 54,RGC,66,,,,,
"1,2-Dichloroethane",298.15,641,GS,38,,,,,
"1,2-Dichloroethane",298.15,635,KGW,2,,,,,
"1,2-Dichloroethane",298.15,511,HS,9,,,,,
"1,2-Dichloroethane",303.15,610± 51,RGC,66,,,,,
"1,2-Dichloroethane",308.15,600+56,RGC,66,,,,,
"1,2-Dichloroethane",308.15,597 ± 12,STAT,41,,,,,
"1,2-Dichloroethane",308.15,604,GCR,4,,,,,
"1,2-Dichloroethane",313.15,587 ± 49,RGC,66,,,,,
"1,2-Dichloroethane",313.15,579 + 12,GS,14,,,,,
"1,2-Dichloroethane",323.15,552,GCR,4,,,,,
"1,2-Dichloroethane",323.15,559 ± 6,STAT,41,,,,,
Ethyl Bromide,293.15,970,GCR,63,,,,,
Ethyl Bromide,298.15,679,GS,38,,,,,
Ethyl Bromide,298.15,633,KGW,2,,,,,
Ethyl Iodide,293.15,2200,GCR,63,,,,,
Ethyl Iodide,298.15,2192,(iS,38,,,,,
Ethyl Iodide,298.15,2180,KGW,2,,,,,
1-Bromopropane,298.15,2850,GS,38,,,,,
1-Bromopropane,298.15,2. 9 s 103,KGW,2,,,,,
2-Bromopropane,298.15,2093,GS,38,,,,,
2-Bromopropane,298.15,1950,KGW,2,,,,,
"1,3-Dichloropropylene",293.15,1360230,STAT,41,,,,,
"1,3-Dichloropropylene",298.15,1400 u,STAT,41,,,,,
"1,3-Dichloropropylene",303.15,1430±25,STAT,41,,,,,
"1,3-Dichloropropylene",313.15,1460285,STAT,41,,,,,
"1,2-Dichloropropane",293.15,2340+30,STAT,41,,,,,
"1,2-Dichloropropane",293.15,2089± 240,RGC,66,,,,,
"1,2-Dichloropropane",298.15,2330 b,STAT,41,,,,,
"1,2-Dichloropropane",303.15,2006+230,RGC,66,,,,,
"1,2-Dichloropropane",303.15,2310 ± 30,STAT,41,,,,,
"1,2-Dichloropropane",313.15,1925 + 220,RGC,66,,,,,
"1,2-Dichloropropane",313.15,2090 ± 30,STAT,41,,,,,
1-Chloropropane,293.15,3500,GCR,63,,,,,
1-Chloropropane,298.15,1747,GS,38,,,,,
1-Chloropropane,298.15,1720,KGW,2,,,,,
1-Chloropropane,298.15,913,HS,9,,,,,
2-Chloropropane,298.15,1477,GS,38,,,,,
2-Chloropropane,298.15,1320,KGW,2,,,,,
1-1odopropane,298.15,8550,GS,38,,,,,
1-1odopropane,298.15,9. 73 × 103,KGW,2,,,,,
Bromobutane,298.15,12240,(iS,38,,,,,
Bromobutane,298.15,1.28 x 104,KGW,2,,,,,
2-Bromobutane,298.15,8315,GS,38,,,,,
2-Bromobutane,298.15,1.59 × 104,KGW,2,,,,,
Chlorobutane,298.15,7609,GS,38,,,,,
Chlorobutane,298.15,7.64 × 103,KGW,2,,,,,
tert-Butyl chloride,293.15,5300,GCR,63,,,,,
Chloropentane,298.15,32070,GS,38,,,,,
Chloropentane,298.15,2.95 x104,KGW,2,,,,,
Chlorohexanc,298.15,140800,GS,38,,,,,
Fluorobenzene,298.15,4796,KHW,36,,,,,
Fluorobenzene,298.15,"3.44 ""10 :~",KGW,2,,,,,
Chlorobenzene,293.15,12960,GCR,8,,,,,
Chlorobenzene,293.15,3000,GCR,63,,,,,
Chlorobenzene,298.15,13990,KIIW,36,,,,,
Chlorobenzene,298.15,"1.27 -"" 104",KGW,2,,,,,
Chlorobenzene,303.15,10280,GCR,8,,,,,
Chlorobenzene,313.15,7450,GCR,8,,,,,
Chlorobenzene,"323,15",4952,GCR,8,,,,,
Bromobenzene,"298,15",22460,KHW,37,,,,,
Bromobenzene,"298,15",2.09 × 104,KGW,2,,,,,
Iodobenzene,"298,15",54130,KIIW,37,,,,,
Iodobenzene,298.15,5.35 x 104,KGW,2,,,,,
"1,2-Dichlorobenzene",298.15,68200,KItW,37,,,,,
"1,2-Dichlorobenzene",298.15,6.39 < 104,KGW,2,,,,,
Benzyl Chloride,298.15,31960,KtIW,36,,,,,
Benzyl Chloride,298.15,3.59 / 104,KGW,2,,,,,
Methanol,293.15,1 . 6 8 + 0 .12,STAT,48,,,,,
Methanol,293.15,2.69,GC,47,,,,,
Methanol,297.45,2. 12,GC,55,,,,,
Methanol,298.15,1.58,ItS,9,,,,,
Methanol,298.15,1 . 6 5 ± 0.01,GS,34,,,,,
Methanol,298.15,1.74,NSGC,32,,,,,
Methanol,298.15,1.64,GCR,42,,,,,
Methanol,298.15,1. 4(i,KItW,37,,,,,
Methanol,298.15,1.47,KGW,2,,,,,
Methanol,298.15,1.64,(iS,51,,,,,
Methanol,300.45,2. 20,(1C,21,,,,,
Methanol,303.15,2. 53,GC,47,,,,,
Methanol,303.15,1 . 7 7 + 0 .10,STAT,48,,,,,
Methanol,313.15,2.30,GC,47,,,,,
Methanol,313.15,I. 9 2 ± 0 .08,STAT,48,,,,,
Methanol,317.85,1.46 + 0.16,EBUL,5,,,,,
Methanol,323.15,1.93,EX'T,6,,,,,
Methanol,328.15,2.31,GS,35,,,,,
Methanol,328.15,2. 13,GS,35,,,,,
Methanol,328.15,2. 14,GC,47,,,,,
Methanol,328.45,1.49: ~ 0. 05,EBUL,5,,,,,
Methanol,337.65,1.59 + 0. 05,EBUL,5,,,,,
Methanol,348.25,1.52 + 0.12,EBUL,5,,,,,
Methanol,357.75,1. 7 8 + 0 .14,EBUL,5,,,,,
Methanol,373.15,2. 47,EBUL,31,,,,,
Methanol,373.15,2.25,EBUL,30,,,,,
Methanol,373.15,2. 75,EXT,19,,,,,
Methanol,373.15,2.24,EXT,17,,,,,
~hanol,283.15,4.38 + 0. 21,STAT,48,,,,,
~hanol,293.15,4. 8 1 + 0 .19,STAT,48,,,,,
~hanol,293.15,6.51,GC,47,,,,,
~hanol,293.15,4.50,,59,,,,,
Ethanol,297.45,4.74,GC,55,,,,,
Ethanol,298.15,3.74,HS,9,,,,,
Ethanol,298.15,4.03,NSGC,32,,,,,
Ethanol,298.15,3.80,KHW,37,,,,,
Ethanol,298.15,3.73,KGW,2,,,,,
Ethanol,298.15,3.91,GC,33,,,,,
Ethanol,298.15,3.92,GCR,42,,,,,
Ethanol,298.15,3.76,HS,46,,,,,
Ethanol,298.15,3.69,HS,9,,,,,
Ethanol,298.15,3.27±0.05,GS,34,,,,,
Ethanol,298.15,3.55,GS,51,,,,,
Ethanol,298.15,3.83,EBUL ~,49,,,,,
Ethanol,298.15,3.88,EBUL e,49,,,,,
Ethanol,298.15,4.00,EXT,20,,,,,
Ethanol,303.15,6. 15,GC,47,,,,,
Ethanol,303.15,4. 12,EBUL ~,49,,,,,
Ethanol,313.15,5.1 7 + 0 .16,STAT,48,,,,,
Ethanol,313.15,5.50,GC,47,,,,,
Ethanol,313.15,6. l0,--,59,,,,,
Ethanol,323.15,5.01,EBUL ',49,,,,,
Ethanol,323.15,5.42,EXT,"25,70",,,,,
Ethanol,323.15,5.21,EXT,13,,,,,
Ethanol,323.15,4.40,EXT,"25,70",,,,,
Ethanol,328.15,5.94,GS,35,,,,,
Ethanol,328.15,5.32,GS,35,,,,,
Ethanol,328.15,5.11,GC,47,,,,,
Ethanol,328.15,6.8,--,59,,,,,
Ethanol,333.15,5. 5 9 ± 0 .12,STAT,48,,,,,
Ethanol,333.15,5.2,EXT,"25,70",,,,,
Ethanol,338.15,4.8,EXT,50,,,,,
Ethanol,343.15,5.61,EBUL ¢,49,,,,,
Ethanol,343.15,4.3,EXT,50,,,,,
Ethanol,348.15,7.6,--,59,,,,,
Ethanol,353.15,3.2,EXT,50,,,,,
Ethanol,363.15,5.9,EBUL ~,49,,,,,
Ethanol,373.15,6.85,EBUL,31,,,,,
Ethanol,373.15,5. 82,EBUL,30,,,,,
Ethanol,383.15,6.05,EBUL c,49,,,,,
2-Propen-l-ol,371.15,8.58,EXT,18,,,,,
1-Propanol,293.15,24.0,GC,47,,,,,
1-Propanol,298.15,13.36,HS,9,,,,,
1-Propanol,298.15,14. 17,KHW,37,,,,,
1-Propanol,298.15,13.5,KG'W,2,,,,,
1-Propanol,298.15,17.2,GC,55,,,,,
1-Propanol,298.15,10. 9-+0.2,GS,34,,,,,
1-Propanol,298.15,15.0,NSGC,32,,,,,
1-Propanol,298.15,13.8,GCR,42,,,,,
1-Propanol,298.15,11.2,GS,51,,,,,
1-Propanol,298.15,133.5,LLC,11,,,,,
1-Propanol,303.15,26,GC,47,,,,,
1-Propanol,313.15,22,GC,47,,,,,
1-Propanol,328.15,2l.2,GS,35,,,,,
1-Propanol,328.15,18.53,GS,35,,,,,
1-Propanol,328.15,20.44,GC,47,,,,,
1-Propanol,373.15,19. 35,EBUL,30,,,,,
2-Propanol,288.15,12. 9-+ 0. 57,STAT,48,,,,,
2-Propanol,298.15,7.47,HS,9,,,,,
2-Propanol,298.15,8. 13,GCR,42,,,,,
2-Propanol,298.15,7.75,NSGC,32,,,,,
2-Propanol,298.15,8. 14,GC,33,,,,,
2-Propanol,317.85,8 . 8 _+__0. 5,EBUL,5,,,,,
2-Propanol,328.05,9 . 6 _+ 0. 5,EBUL,5,,,,,
2-Propanol,328.15,14. 11,GS,35,,,,,
2-Propanol,328.15,12.25,(IS,35,,,,,
2-Propanol,337.55,9 . 5 + 0. 4,EBUL,5,,,,,
2-Propanol,349.15,11.0+0. 8,EBUL,5,,,,,
2-Propanol,353.15,13.62,EBUL,58,,,,,
2-Propanol,357.75,11.6 ± 0. 5,EBUL,5,,,,,
2-Propanol,363.15,13.68,EBUL,58,,,,,
2-Propanol,373.15,14.0,EBUL,58,,,,,
2-Propanol,373.15,12.63,EBUL,30,,,,,
1-Butanol,293.15,41.4,ItS,52,,,,,
1-Butanol,298.15,50. 2,ItS,9,,,,,
1-Butanol,298.15,53.33,KHW,37,,,,,
1-Butanol,298.15,52.24,KGW,2,,,,,
1-Butanol,298.15,53.7,NSGC,32,,,,,
1-Butanol,298.15,50. 5,GC,33,,,,,
1-Butanol,298.15,45.1-+ 1.4,GS,34,,,,,
1-Butanol,298.15,205.6,"LL(""",11,,,,,
1-Butanol,298.15,51.6,GCR,42,,,,,
1-Butanol,313.15,49.5,GC,22,,,,,
1-Butanol,323.23,78.7,STAT,15,,,,,
1-Butanol,333.15,59.3,"G(""",22,,,,,
1-Butanol,343.15,59. 3,EBUL,64,,,,,
1-Butanol,343.15,67.8,EBUL,39,,,,,
1-Butanol,343.15,68.03,EBUL ~,49,,,,,
1-Butanol,353.15,46.5,"EBUI.,",39,,,,,
1-Butanol,353.15,57.2,EBUL,64,,,,,
1-Butanol,353.15,48.53,EBUL ¢,49,,,,,
1-Butanol,363.15,55. 5,EBUL,64,,,,,
1-Butanol,372.15,27. 1,EBUL,39,,,,,
1-Butanol,373.15,54.0,EBUL,64,,,,,
1-Butanol,376.15,40. 5,EXT,"57,70",,,,,
1-Butanol,378.15,54.6,EXT,"61,70",,,,,
2-Butanol,293.15,20. 8,tlS,52,,,,,
2-Butanol,298.15,26.2,GCR,42,,,,,
2-Butanol,298.15,22.4,NSGC,32,,,,,
2-Butanol,323.18,35.5,STAT,15,,,,,
2-Butanol,333.55,46.49,EXT,17,,,,,
Iso-Butyl alcohol,293.15,44.4,IIS,52,,,,,
Iso-Butyl alcohol,298.15,49. 0,ItS,9,,,,,
Iso-Butyl alcohol,298.15,48.4,EXT,3,,,,,
Iso-Butyl alcohol,323.15,58. 1,STAT,15,,,,,
TeO-Butanol,293.15,l 1.4,HS,52,,,,,
TeO-Butanol,298.15,11. 9,ItS,9,,,,,
TeO-Butanol,298.15,12.2,EXT,3,,,,,
TeO-Butanol,323.13,19. 2,STAT,15,,,,,
1-Pentanol,298.15,197.0,GCR,42,,,,,
1-Pentanol,298.15,197.5,GC,33,,,,,
1-Pentanol,298.15,192 + 8,GS,34,,,,,
1-Pentanol,298.15,338.4,LLC,11,,,,,
1-Pentanol,298.15,198. 1,IIS,9,,,,,
1-Pentanol,298.15,225.4,KItW,37,,,,,
1-Pentanol,298.15,208.9,KGW,2,,,,,
2-Pentanol,298.15,97,GCR,42,,,,,
2-Pentanol,363.15,126 ± 6,EBUL c,40,,,,,
3-Methyl-Butanol,298.15,208,HS,9,,,,,
1-Hexanol,298.15,799,HS,9,,,,,
1-Hexanol,298.15,791.8,KHW,37,,,,,
1-Hexanol,298.15,738. 9,KGW,2,,,,,
1-Hexanol,298.15,10i2,LLC,11,,,,,
1-Hexanol,298.15,645-+32,GS,34,,,,,
2-Hexanol,298.15,282,GCR,42,,,,,
Cyclohexanol,298.15,157,HS,9,,,,,
1-Heptanol,298.15,3270,GCR,42,,,,,
1-Heptanol,298.15,4364,LLC,I1,,,,,
2-Butoxy ethanol,278.15,19. 5,E~CF,"54,70",,,,,
2-Butoxy ethanol,298.15,27.4,EXT,"54,70",,,,,
2-Butoxy ethanol,318.15,29. 7,EXT,"54,70",,,,,
2-Butoxy ethanol,338.15,37.0,EXT,"54,70",,,,,
2-Butoxy ethanol,358.15,"38, 5",EXT,"54,70",,,,,
Trifluoroethanol,298.15,8. 65,HS,9,,,,,
"1,2-Ethanediol",297.45,0. 8_+0. 1,DP,62,,,,,
"1,2-Ethanediol",308.15,0. 8_+0. 1,DP,62,,,,,
"1,2-Ethanediol",317.85,i. 0_+ 0. 1,DP,62,,,,,
"1,2-Ethanediol",328.15,1.04_ 0. 1,DP,62,,,,,
"1,2-Ethanediol",338.05,1.0±0. 1,DP,62,,,,,
"1,2-Ethanediol",.348.05,I. 2-+0. 1,DP,62,,,,,
"1,2-Propanediol",296.75,1.0±0. I,DP,62,,,,,
"1,2-Propanediol",308.25,1. 1 ± 0. 1,DP,62,,,,,
"1,2-Propanediol",318.75,1.2+0. 1,DP,62,,,,,
"1,2-Propanediol",328.45,1.2+0.2,DP,62,,,,,
"1,2-Propanediol",337.85,1.3-+0.2,DP,62,,,,,
"1,2-Propanediol",348.25,t. 3 _+ 0. 2,DP,62,,,,,
"1,3-Propanediol",297.95,1.2+0. 2,DP,62,,,,,
"1,3-Propanediol",307.85,1.2 ± 0. 2,DP,62,,,,,
"1,3-Propanediol",318.65,1.7+0. 2,DP,62,,,,,
"1,3-Propanediol","328,65",1.8+0.2,DP,62,,,,,
"1,3-Propanediol","338,35",1 . 9 ± 0.2,DP,62,,,,,
"1,3-Propanediol","347,45",I. 9 + 0 . 2,DP,62,,,,,
"1,2-Butanediol",299.15,2 . 0 ± 0.2,DP,62,,,,,
"1,2-Butanediol",308.35,"2. 1_+0, 2",DP,62,,,,,
"1,2-Butanediol",318.05,"2.2 ± 0, 2",DP,62,,,,,
"1,2-Butanediol",327.25,2.3 -+ 0.3,DP,62,,,,,
"1,2-Butanediol",338.55,2.4-+0. 3,DP,62,,,,,
"1,2-Butanediol",348.35,2.4 ± 0.3,DP,62,,,,,
"1,3-Butanediol",299.05,2.2-+ 0 . 2,DP,62,,,,,
"1,3-Butanediol",308.75,2.3 + 0. 2,DP,62,,,,,
"1,3-Butanediol",318.25,2.4 -+ 0. 3,DP,62,,,,,
"1,3-Butanediol",327.25,2.4_+0. 3,DP,62,,,,,
"1,3-Butanediol",338.05,2. 5 ± 0.3,DP,62,,,,,
"1,3-Butanediol",347.95,2.6 + 0. 3,DP,62,,,,,
"1,4-Butanediol",299.35,2. 8--+0. 3,DE,62,,,,,
"1,4-Butanediol",309.05,2.8-+0.3,DP,62,,,,,
"1,4-Butanediol",318.35,2 . 9 + 0. 3,DP,62,,,,,
"1,4-Butanediol",326.75,3.0+0.3,DP,62,,,,,
"1,4-Butanediol",337.55,3.0-+0. 3,DP,62,,,,,
"1,4-Butanediol",349.85,3. 1 ± 0.4,DP,62,,,,,
"2,3-Butanediol",298.95,1.6 + 0. 2,DP,62,,,,,
"2,3-Butanediol",308.85,1. 7 ± 0 . 2,DP,62,,,,,
"2,3-Butanediol",318.45,1.9 + 0. 2,DP,62,,,,,
"2,3-Butanediol",327.35,2. 1 + 0.2,DP,62,,,,,
"2,3-Butanediol",337.65,2.2+0. 3,DP,62,,,,,
"2,3-Butanediol",347.35,1.9±0.2,DP,62,,,,,
Phenol,298.15,551.2,LLC,24,,,,,
Phenol,303.15,495.3,LLC,24,,,,,
Phenol,308.15,375.3,LLC,24,,,,,
",-Cresol",298.15,403. 1,LLC,24,,,,,
",-Cresol",303.15,379.4,LLC,24,,,,,
",-Cresol",308.15,314.4,LLC,24,,,,,
m-Cresol,298.15,574.3,LLC,24,,,,,
m-Cresol,303.15,554.3,LLC,24,,,,,
m-Cresol,308.15,547.7,LLC,24,,,,,
p-Cresol,298.15,738. 2,LLC,24,,,,,
p-Cresol,303.15,611.6,LLC,24,,,,,
p-Cresol,308.15,510. 0,LLC,24,,,,,
Formaldehyde,298.15,2. 8,GCR,42,,,,,
Acetaldehyde,293.15,3.59,GC,47,,,,,
Acetaldehyde,298.15,3.94,GCR,42,,,,,
Acetaldehyde,298.15,29. 4,LLC,24,,,,,
Acetaldehyde,303.15,4.36,GC,47,,,,,
Acetaldehyde,303.15,26.04,LLC,24,,,,,
Acetaldehyde,308.15,32.45,LLC,24,,,,,
Acetaldehyde,313.15,3.71,GC,47,,,,,
Propionaldehyde,293.15,14.7,GC,47,,,,,
Propionaldehyde,298.15,13.03,IIS,9,,,,,
Propionaldehyde,298.I5,:35.8,LLC,11,,,,,
Propionaldehyde,"298,15",48.67,LLC,24,,,,,
Propionaldehyde,303.15,17.6,GC,47,,,,,
Propionaldehyde,303.15,40. 10,LLC,24,,,,,
Propionaldehyde,308.15,41.79,LLC,24,,,,,
Propionaldehyde,313.15,15.4,GC,47,,,,,
Butyraldehyde,293.15,63,GC,47,,,,,
Butyraldehyde,298.15,48.6,HS,9,,,,,
Butyraldehyde,298.15,"29, 14",LLC,11,,,,,
Butyraldehyde,298.15,69.2,LLC,24,,,,,
Butyraldehyde,303.15,72. 11,LLC,24,,,,,
Butyraldehyde,303.15,73,GC,47,,,,,
Butyraldehyde,308.15,65. :38,LLC,24,,,,,
Butyraldehyde,313.15,61,GC,47,,,,,
Valet'aldehyde,298.15,220.2,ItS,9,,,,,
Hexanal,298.15,813.4,HS,9,,,,,
Octanal,298.15,8243,KHW,36,,,,,
Octanal,298.15,8920,KGW,2,,,,,
Acetone,288.15,5.85,GS,35,,,,,
Acetone,288.15,5.83,GS,35,,,,,
Acetone,298.15,7.01,HS,9,,,,,
Acetone,298.15,7.56,GCR,42,,,,,
Acetone,298.15,7.31,NSGC,32,,,,,
Acetone,298.15,21. 1,LLC,11,,,,,
Acetone,298.15,6 1 86,LLC,24,,,,,
Acetone,298.15,7.69 ± 0.3,GC,56,,,,,
Acetone,"303,15",7.69,GS,51,,,,,
Acetone,303.15,7.7,GS,60,,,,,
Acetone,303.15,7.65,GS,35,,,,,
Acetone,303.15,7.42,(iS,35,,,,,
Acetone,303.15,59. 11,LLC,24,,,,,
Acetone,308.15,56.85,LLC,24,,,,,
Acetone,318.15,9.85,GS,35,,,,,
Acetone,318.15,8.99,GS,35,,,,,
Acetone,373.15,11.66,EBUL,31,,,,,
Acetone,373.15,10. 81,EBUL,30,,,,,
Acetone,373.15,8. 76,EXT,19,,,,,
2-Butanone,298.15,25.6,HS,9,,,,,
2-Butanone,298.15,27.8,GC,42,,,,,
2-Butanone,298.15,25.98,HS,46,,,,,
2-Butanone,298.15,27.6,NSGC,32,,,,,
2-Butanone,298.15,41.2,LLC,11,,,,,
2-Butanone,298.15,65.74,LLC,24,,,,,
2-Butanone,298.15,25.3,GS,14,,,,,
2-Butanone,298.15,26.4 + 0.7,GC,56,,,,,
2-Butanone,303.15,29.5,GS,60,,,,,
2-Butanone,303.15,72.32,LLC,24,,,,,
2-Butanone,308.15,73.86,LLC,24,,,,,
2-Butanone,343.15,26.7,EBUL,64,,,,,
2-Butanone,343.15,29. 5 +_ 2.5,EBUL c,40,,,,,
2-Butanone,353.15,28.5,EBUL,64,,,,,
2-Butanone,363.15,.30.2,EBUL,64,,,,,
2-Butanone,373.15,31.8,EBUL,64,,,,,
2-Pentanone,298.15,93.4,HS,9,,,,,
2-Pentanone,298.15,98.9,GCR,42,,,,,
2-Pentanone,298.15,102,NSGC,32,,,,,
2-Pentanone,298.15,102.5,LLC,11,,,,,
2-Pentanone,298.15,135.1,LLC,24,,,,,
2-Pentanone,303.15,125,LLC,24,,,,,
2-Pentanone,308.15,129. 7,LLC,24,,,,,
3-Methyl-2-Butanone,298.15,84,HS,9,,,,,
"2,4-Pentanedione",343.15,28.6,EBUL,39,,,,,
"2,4-Pentanedione",354.15,26. 1,EBUL,39,,,,,
"2,4-Pentanedione",363.15,23.9,EBUL,39,,,,,
"2,4-Pentanedione",373.15,22.0,EBUL,39,,,,,
3-Pentanone,298.15,107.4,HS,9,,,,,
3-Pentanone,298.15,113,GCR,42,,,,,
3-Pentanone,298.15,113,NSGC,32,,,,,
3-Pentanone,298.15,134.8,LLC,24,,,,,
3-Pentanone,298.15,106-+2,GC,56,,,,,
3-Pentanone,303.15,139. 6,LLC,24,,,,,
3-Pentanone,308.15,180. 0,LLC,24,,,,,
2-Hexanone,298.15,355.7,HS,9,,,,,
2-Hexanone,298.15,329.1,LLC,11,,,,,
3-Hexanooe,298.15,412,GCR,42,,,,,
2-Heptanone,298.15,1397,HS,9,,,,,
2-Heptanone,298.15,1055,LLC,11,,,,,
2-Heptanone,298.15,882.2,LLC,24,,,,,
2-Heptanone,303.15,626.0,LLC,24,,,,,
2-Heptanone,308.15,713.0,LLC,24,,,,,
2-Nonanone,298.15,16290,KHW,37,,,,,
2-Nonanone,298.15,2. 4 8 / 104,KGW,2,,,,,
Cyclopentanone,298.15,29.2,HS,9,,,,,
Formic Acid,298.15,0. 640,EXT,72,,,,,
Formic Acid,373.15,0.736,EXT,72,,,,,
Acetic Acid,298.15,0.92,IIS,9,,,,,
Acetic Acid,298.15,2.90,EXT,72,,,,,
"~,cetic Acid",339.58,"3, 03",EBUL,71,,,,,
"~,cetic Acid",356.11,"3, 11",EBUL,71,,,,,
"~,cetic Acid",366.66,"3, 25",EBUL,71,,,,,
"~,cetic Acid",373.15,"3, 65",EBUL,71,,,,,
"~,cetic Acid",373.15,2.92,EXT,72,,,,,
3utyric Acid,298.15,52.9,EXT,72,,,,,
"Propionic Acid,2-Methyl,",293.15,309,GC,"43,65",,,,,
Methyl Formate,293.15,16. 1,GC,47,,,,,
Methyl Formate,298.15,15.5,HS,9,,,,,
Methyl Formate,303.15,17.4,GC,47,,,,,
Methyl Formate,313.15,14.2,GC,47,,,,,
Ethyl Formate,293.15,46,GC,47,,,,,
Ethyl Formate,298.15,47.3,HS,9,,,,,
Ethyl Formate,303.15,51,GC,47,,,,,
Ethyl Formate,313.15,41,GC,47,,,,,
Propyl Formate,293.15,150,GC,47,,,,,
Propyl Formate,298.15,169,HS,9,,,,,
Propyl Formate,303.15,168,GC,47,,,,,
Propyl Formate,313.15,131,GC,47,,,,,
Methyl Acetate,298.15,22.6,ItS,9,,,,,
Methyl Acetate,313.15,27.2 + 1,GS,14,,,,,
Ethyl Acetate,288.15,63.9-+ 1.96,STAT,48,,,,,
Ethyl Acetate,298.15,65.3,HS,9,,,,,
Ethyl Acetate,313.15,84.5,(iS,14,,,,,
Ethyl Acetate,323.i5,66.8,"EBUI,",5,,,,,
Propyl Acetate,298.15,242,HS,9,,,,,
Propyl Acetate,298.15,301.6,LLC,24,,,,,
Propyl Acetate,303.15,"314, 4","I,LC",24,,,,,
Propyl Acetate,308.15,326.8,"LI,C",24,,,,,
lsopropyl Acetate,298.15,195.5,ItS,9,,,,,
lsopropyl Acetate,298.15,251.2,LLC,24,,,,,
lsopropyl Acetate,303.15,23:3. 8,LLC,24,,,,,
lsopropyl Acetate,308.15,268. 0,I.LC,24,,,,,
Butyl Acetate,298.15,814,ItS,9,,,,,
Butyl Acetate,298.15,1058,"LL(""",24,,,,,
Butyl Acetate,303.15,1155,LLC,24,,,,,
Butyl Acetate,308.15,1261,LLC,24,,,,,
lsobutyl Acetate,298.15,844.4,HS,9,,,,,
Pentyl Acetate,298.15,3233,HS,9,,,,,
Isopentyl Acetate,298.15,2977,IIS,9,,,,,
Hexyl Acetate,298.15,12490,HS,9,,,,,
Methyl Propionate,293.15,87. 1,GC,43,,,,,
Ethyl Propionate,298.15,256,HS,9,,,,,
Methyl Butyrate,293.15,331,GC,43,,,,,
Ethyl Butyrate,298.15,730,IIS,q,,,,,
Methyl Valerate,293.15,1259,"G(""",43,,,,,
Methyl Hexanoate,293.15,3981,"G(""",43,,,,,
Ethyl Ether,296.15,72.0,GS,44,,,,,
Ethyl Ether,298.15,109. 6,GCR,29,,,,,
Ethyl Ether,298.15,69. 7,GS,14,,,,,
Propyl Ether,298.15,2315,GS,38,,,,,
Propyl Ether,298.15,2330,KGW,2,,,,,
Propyl Ether,298.15,22 l 0,KI lW,37,,,,,
Propyl Ether,298.15,1560,HS,9,,,,,
Isopmpyl Ether,296.15,639,GS,44,,,,,
Isopmpyl Ether,298.15,628,GS,38,,,,,
Isopmpyl Ether,298.15,2810,KGW,2,,,,,
Isopmpyl Ether,298.15,496.1,HS,9,,,,,
Isopmpyl Ether,298.15,667,KHW,37,,,,,
Butyl Ether,298.15,47180,GS,38,,,,,
Butyl Ether,298.15,2.81 x 104,KHW,37,,,,,
Butyl Ether,298.15,3.75 × 104,KGW,2,,,,,
T-Butyl-Methyl-Ether,298.15,112.5,HS,9,,,,,
Tetrahydrofuran,293.15,16.6 --+0.2,STAT,48,,,,,
Tetrahydrofuran,298.15,I7,ItS,9,,,,,
Tetrahydrofuran,308.15,23.5_+0.2,STAT,48,,,,,
Tetrahydrofuran,313.15,20. 8 _+ 1,GS,14,,,,,
Tetrahydrofuran,323.15,32.8_+ 0. 5,STAT,48,,,,,
Tetrahydropyran,298.15,78. 6,HS,9,,,,,
Anisole,298.15,3650,KHW,37,,,,,
Anisole,298.15,4610,KGW,2,,,,,
Phenetole,298.15,15730,KHW,37,,,,,
Phenetole,298.15,I. 58 x104,KGW,2,,,,,
Ethylamine,293.15,0.37,GC,47,,,,,
Ethylamine,303.15,0. 69,GC,47,,,,,
Ethylamine,313.15,0.44,GC,47,,,,,
Propylamine,293.15,2.33,GC,47,,,,,
Propylamine,303.15,2.85,GC,47,,,,,
Propylamine,313.15,2.44,GC,47,,,,,
Butylamine,293.15,4,GC,47,,,,,
Butylamine,303.15,4.7,GC,47,,,,,
Butylamine,313.15,3.7,GC,47,,,,,
Triethylamine,298.15,67.5,HS,1,,,,,
Diethylamine,303.15,5.4,GCR,42,,,,,
Diisopmpylamine,293.15,33.24,EXT,7,,,,,
Dimethylacetamide,298.15,1.04,HS,9,,,,,
Piperidine,343.15,6.62,EBUL,39,,,,,
Piperidine,363.15,6.89,EBUL,39,,,,,
Piperidine,373.15,7.24,EBUL,39,,,,,
Pyridine,298.15,19.9,HS,9,,,,,
Pyridine,343A5,24.6,EBUL,39,,,,,
Pyridine,363.15,20,EBUL,39,,,,,
Pyridine,373.15,17,EBUL,39,,,,,
4-Methylpyridine,298.15,42.3,GCR,42,,,,,
3-Methylpyridine,298.15,49. 1,GCR,42,,,,,
N-Methylpyrrolidone,298.75,0. 3 7 ± 0 .014,DP,65,,,,,
N-Methylpyrrolidone,308.35,0.60 _+0.09,DP,65,,,,,
N-Methylpyrrolidone,317.95,0. 86+0.15,DP,65,,,,,
N-Methylpyrrolidone,328.35,1. 13-+0.03,DP,65,,,,,
N-Methylpyrrolidone,337.85,1.39-+0.20,DP,65,,,,,
Aniline,323. 15,129,EXT,69,,,,,
Aniline,373. 15,80,EXT,68,,,,,
"N,N-Dimethylformamide",289.35,0. 5 8 _+ 0 .03,DP,65,,,,,
"N,N-Dimethylformamide",291.95,0. 6-+ 0. 1,DP,62,,,,,
"N,N-Dimethylformamide",297.95,0.65-+0.11,DP,65,,,,,
"N,N-Dimethylformamide",298.15,O. 83,11S,9,,,,,
"N,N-Dimethylformamide",298.15,0. 62,11S,9,,,,,
"N,N-Dimethylformamide",307.75,0 . 8 1 L 0 . 0 8,DP,65,,,,,
"N,N-Dimethylformamide",308.25,0. 7 -+ 0.1,DP,62,,,,,
"N,N-Dimethylfonnamide",317.85,0. 95 + 0.11,DP,65,,,,,
"N,N-Dimethylfonnamide",318.05,0.8_+ 0. 1,DP,62,,,,,
"N,N-Dimethylfonnamide",323.15,0. 89_+0. 4,EBUL,5,,,,,
"N,N-Dimethylfonnamide",328.25,1. 11 _+ 0. 04,DP,65,,,,,
"N,N-Dimethylfonnamide",328.25,1 . 0 _+ 0.1,DP,62,,,,,
"N,N-Dimethylfonnamide",333.05,1. :35 _+ 0.26,EBUL,5,,,,,
"N,N-Dimethylfonnamide",337.75,1. 1 _+ 0.1,DP,62,,,,,
"N,N-Dimethylfonnamide",337.95,1.30_+0.40,DP,65,,,,,
"N,N-Dimethylfonnamide",343.05,2.67-+0.15,EBUL,5,,,,,
"N,N-Dimethylfonnamide",347.35,1. I _+ 0.1,DP,62,,,,,
~crylonitrile,298.15,39.4,EXT,72,,,,,
~crylonitrile,373.15,35,EXT,72,,,,,
Acetonitrile,298.15,11. 1,HS,9,,,,,
Acetonitrile,298.15,10. 09,KltW,37,,,,,
Acetonitrile,298.15,16.37,KGW,2,,,,,
Acetonitrile,298.15,9.24,EXT,72,,,,,
Acetonitrile,364.15,21.1,EXT,45,,,,,
Acetonitrile,373.15,10.3,EXT,72,,,,,
Propionitrile,298.15,35.29,HS,9,,,,,
Propionitrile,298.15,37.56,KHW,37,,,,,
Propionitrile,298.15,34.9,KGW,2,,,,,
Butyroaitrile,298.15,117.75,HS,9,,,,,
Butyroaitrile,298.15,112.56,KHW,37,,,,,
Butyroaitrile,298.15,115. 18,KGW,2,,,,,
Isobutyronitrile,298.15,117,HS,9,,,,,
Isobutyronitrile,298.15,134.69,KHW,37,,,,,
Valeronitrile,298.15,401.9,IIS,9,,,,,
Valeronitrile,298.15,413,KI-IW,37,,,,,
Valeronitrile,298.15,382.8,KGW,2,,,,,
Hexanenitrile,298.15,1401,HS,9,,,,,
Benzonitrile,298.15,1741,HS,9,,,,,
Nitromethane,298.15,31.6,ItS,9,,,,,
Nitromethane,298.15,31.68,HS,46,,,,,
Nitromethane,323.15,21.4,EBUL,5,,,,,
Nitroethane,298.15,88.6,ItS,9,,,,,
Nitropropane,298.15,299. 2,HS,9,,,,,
3-Nitrotoluene,298.15,7089,KHW,36,,,,,
3-Nitrotoluene,298.15,l. 45 × 104,KGW,2,,,,,
Carbon disulfide,293.15,3300,GCR,63,,,,,
Dimethylsulfoxide,298.75,0. 09 + 0.02,DP,65,,,,,
Dimethylsulfoxide,308.35,0. 10-+ 0. 002,DP,65,,,,,
Dimethylsulfoxide,317.95,0. 12_+0. 017,DP,65,,,,,
Dimethylsulfoxide,328.35,0. 135-+0.015,DP,65,,,,,
Dimethylsulfoxide,337.85,0. 17+0.004,DP,65,,,,,
"1,4-Dioxane",298.15,5.42,HS,9,,,,,
"1,4-Dioxane",298.15,5.45,HS,46,,,,,
Ethylene Oxide,298.15,6.23,GCR,"16,65",,,,,